Fecha,Persona,Comercio,Descripcion,Monto
01/02/26 12:15 PM,Casa,Pali,GALLETAS YUMMY,"1,440"
01/02/26 12:15 PM,Casa,Pali,JABON LAVAPLATOS,"1,000"
01/02/26 12:15 PM,Casa,Pali,MELON,532
01/02/26 12:15 PM,Casa,Pali,NATILLA DELACTOMY,"1,440"
01/02/26 12:15 PM,Casa,Pali,PAPA,"2,145"
01/03/26 03:45 PM,Casa,Pali,CAFE VOLIO,"2,130"
01/03/26 03:45 PM,Casa,Pali,CAFE VOLIO,"4,450"
01/03/26 03:45 PM,Andres,Pali,CEPILLO DIENTES,"1,530"
01/03/26 03:45 PM,Casa,Pali,HUEVOS,"2,054"
01/03/26 03:45 PM,Casa,Pali,LECHE DELACTOMY,690
01/03/26 03:45 PM,Casa,Pali,SALSA LIZANO,990
01/03/26 03:45 PM,Casa,Pali,TOMATE,367
01/06/26 06:17 PM,Casa,Pali,MANZANAS,500
01/06/26 06:17 PM,Casa,Pali,SANDIA,614
01/07/26 05:30 PM,Casa,Pali,AJOS,380
01/07/26 05:30 PM,Casa,Pali,APIO,460
01/07/26 05:30 PM,Casa,Pali,CAMOTE,"2,265"
01/07/26 05:30 PM,Casa,Pali,CEBOLLA,580
01/07/26 05:30 PM,Casa,Pali,CULANTRO,200
01/07/26 05:30 PM,Casa,Pali,CULANTRO,190
01/07/26 05:30 PM,Casa,Pali,GUAYABA,910
01/07/26 05:30 PM,Casa,Pali,MANGA,"1,392"
01/07/26 05:30 PM,Casa,Pali,MELON,731
01/07/26 05:30 PM,Casa,Pali,PAPA,"1,962"
01/07/26 05:30 PM,Casa,Pali,PLATANO,"1,240"
01/07/26 05:30 PM,Casa,Pali,TIQUISQUE,612
01/07/26 05:30 PM,Casa,Pali,TOMATE,"1,184"
01/07/26 05:30 PM,Casa,Pali,ZANAHORIA,230
01/07/26 05:30 PM,Casa,Pali,ZUCHINI,"1,800"
01/13/26 03:16 PM,Casa,Pali,GALLETAS SODAS,411
01/13/26 03:16 PM,Casa,Pali,LIMONES,740
01/13/26 03:16 PM,Casa,Pali,TORTILLAS MAIZ,930
01/13/26 03:21 PM,Casa,Bazar Magy,CONTROLADOR OLORES,"2,500"
01/14/26 06:35 PM,Casa,Pali,CLORO,"1,120"
01/18/26 11:40 AM,Casa,Maxi,ALCOHOL,"4,330"
01/18/26 11:40 AM,Casa,Maxi,AROMATIZANTE,"2,850"
01/18/26 11:40 AM,Andres,Maxi,AXE,"5,700"
01/18/26 11:40 AM,Casa,Maxi,CAFE VOLIO,"2,000"
01/18/26 11:40 AM,Casa,Maxi,JABON CUERPO,"1,250"
01/18/26 11:40 AM,Casa,Maxi,JABON CUERPO,"1,440"
01/18/26 11:40 AM,Mari,Maxi,JABON NEUTRO,"4,000"
01/18/26 11:40 AM,Mari,Maxi,KOTEX,"1,440"
01/18/26 11:40 AM,Casa,Maxi,MAIZ,"1,800"
01/18/26 11:40 AM,Casa,Maxi,QUESO FRESCO,"1,630"
01/18/26 11:40 AM,Casa,Maxi,RES CHORIZO,"2,850"
01/18/26 11:40 AM,Casa,Maxi,SALSA RANCH,"2,490"
01/18/26 11:40 AM,Casa,Maxi,TOCINETA,"3,650"
01/18/26 11:40 AM,Casa,Maxi,TOCINETA,"2,120"
01/19/26 01:35 PM,Casa,Pali,H2O LIMON,"1,050"
01/19/26 01:35 PM,Casa,Pali,HUEVOS,"1,536"
01/19/26 01:35 PM,Casa,Pali,HUEVOS,"1,635"
01/19/26 01:35 PM,Casa,Pali,MANTEQUILLA,"1,270"
01/19/26 01:35 PM,Casa,Pali,NATILLA DELACTOMY,"1,680"
01/19/26 01:35 PM,Casa,Pali,QUESO CREMA,"2,000"
01/20/26 07:31 PM,Casa,Pali,AZUCAR MORENA,"1,850"
01/20/26 07:31 PM,Casa,Pali,LIMONES,790
01/20/26 07:31 PM,Casa,Pali,MANZANAS,740
01/20/26 07:31 PM,Casa,Pali,PAN ARTESANO,"1,500"
01/20/26 07:31 PM,Casa,Pali,TORTILLAS MAIZ,900
01/23/26 05:07 PM,Casa,Pali,POLLO TORTAS,"2,500"
01/24/26 05:42 PM,Casa,Pali,AJOS,440
01/24/26 05:42 PM,Casa,Pali,CAFE VOLIO,"3,500"
01/24/26 05:42 PM,Casa,Pali,LECHE DELACTOMY,720
01/24/26 05:42 PM,Casa,Pali,MANZANAS,890
01/24/26 05:42 PM,Casa,Pali,NATILLA DELACTOMY,"1,680"
01/24/26 05:42 PM,Casa,Pali,PECHUGA,"1,760"
01/24/26 05:42 PM,Casa,Pali,TORTILLAS MAIZ,900
01/24/26 05:42 PM,Casa,Pali,TORTILLAS TRIGO,880
01/24/26 05:42 PM,Casa,Pali,TORTILLAS TRIGO,"1,900"
01/24/26 05:42 PM,Casa,Pali,TROPICAL,"1,180"
01/26/26 01:33 PM,Casa,Pali,ARROZ,"2,600"
01/26/26 01:33 PM,Casa,Pali,CONSOME KNORR,840
01/26/26 01:33 PM,Casa,Pali,CULANTRO,190
01/26/26 01:33 PM,Casa,Pali,PAPA,"2,530"
01/26/26 01:33 PM,Casa,Pali,PAPEL HIGIENICO,"2,000"
01/26/26 01:33 PM,Casa,Pali,SALSA BBQ,"1,990"
01/26/26 01:33 PM,Casa,Pali,SALSA LIZANO,"2,000"
01/26/26 01:33 PM,Casa,Pali,SALSA MAYONESA,"1,280"
01/26/26 01:33 PM,Casa,Pali,TOALLA COCINA,870
01/28/26 07:13 PM,Casa,Pali,BOLSAS,630
01/28/26 07:13 PM,Casa,Pali,BOLSAS,670
01/28/26 07:13 PM,Casa,Pali,DESENGRASANTE,"1,980"
01/28/26 07:13 PM,Casa,Pali,JUGO NARANJA,"1,750"
01/28/26 07:13 PM,Casa,Pali,PAN ARTESANO,"1,500"
01/28/26 07:13 PM,Casa,Pali,TORTILLAS MAIZ,900
01/29/26 12:25 PM,Casa,Pali,HELADOS,"3,500"
01/30/26 07:21 PM,Casa,Pali,CARNE MOLIDA,"3,160"
01/30/26 07:21 PM,Casa,Pali,POLLO MUSLITOS,"4,810"
02/01/26 05:18 PM,Casa,Pali,GINGERALE,"1,770"
02/04/26 05:38 PM,Casa,Pali,APIO,701
02/04/26 05:38 PM,Casa,Pali,ATUNES,"2,310"
02/04/26 05:38 PM,Casa,Pali,CARNE MECHAR,"7,709"
02/04/26 05:38 PM,Casa,Pali,CERDO BISTEC,"2,021"
02/04/26 05:38 PM,Casa,Pali,CERDO BISTEC,"3,699"
02/04/26 05:38 PM,Casa,Pali,CHULETA AHUMADA,"3,350"
02/04/26 05:38 PM,Casa,Pali,CHULETA AHUMADA,"3,768"
02/04/26 05:38 PM,Casa,Pali,CHULETA AHUMADA,"4,273"
02/04/26 05:38 PM,Casa,Pali,DESINFECTANTE,670
02/04/26 05:38 PM,Casa,Pali,GELATINA,"1,440"
02/04/26 05:38 PM,Casa,Pali,HUEVOS,757
02/04/26 05:38 PM,Casa,Pali,HUEVOS,774
02/04/26 05:38 PM,Casa,Pali,LECHE DELACTOMY,720
02/04/26 05:38 PM,Casa,Pali,LECHE DELACTOMY,740
02/04/26 05:38 PM,Casa,Pali,NATILLA DELACTOMY,"1,420"
02/04/26 05:38 PM,Casa,Pali,PECHUGA,"3,630"
02/04/26 05:38 PM,Casa,Pali,POLLO TORTAS,"2,500"
02/04/26 05:38 PM,Casa,Pali,QUESO CREMA,"2,000"
02/04/26 05:38 PM,Casa,Pali,QUESO FRESCO,"1,680"
02/04/26 05:38 PM,Casa,Pali,QUESO SINPE,"1,520"
02/04/26 05:38 PM,Casa,Pali,RES CHORIZO,"1,776"
02/04/26 05:38 PM,Casa,Pali,SALCHICHON,"2,000"
02/04/26 05:38 PM,Casa,Pali,ZANAHORIA,292
02/11/26 11:02 AM,Casa,Pali,BOLSAS,690
02/11/26 11:02 AM,Casa,Pali,BOLSAS,720
02/11/26 11:02 AM,Casa,Pali,CAFE VOLIO,"3,500"
02/11/26 11:02 AM,Casa,Pali,CAFE VOLIO,"2,550"
02/11/26 11:02 AM,Casa,Pali,DESINFECTANTE,670
02/11/26 11:02 AM,Casa,Pali,GALLETAS SODAS,"1,520"
02/11/26 11:02 AM,Casa,Pali,GALLETAS SORBETOS,"1,900"
02/11/26 11:02 AM,Casa,Pali,GALLETAS YEMMA,"1,440"
02/11/26 11:02 AM,Casa,Pali,GALLETAS YUMMY,"3,800"
02/11/26 11:02 AM,Casa,Pali,GELATINA,600
02/11/26 11:02 AM,Casa,Pali,JABON FORT3,"3,000"
02/11/26 11:02 AM,Casa,Pali,LECHE DELACTOMY,720
02/11/26 11:02 AM,Casa,Pali,MANTEQUILLA,"1,320"
02/11/26 11:02 AM,Casa,Pali,MANTEQUILLA,"1,640"
02/11/26 11:02 AM,Casa,Pali,MANZANAS,900
02/11/26 11:02 AM,Casa,Pali,NATILLA DELACTOMY,"1,420"
02/11/26 11:02 AM,Casa,Pali,PAPEL HIGIENICO,"5,200"
02/11/26 11:02 AM,Andres,Pali,PASTA DIENTES,680
02/13/26 10:36 AM,Casa,Pali,CULANTRO,150
02/13/26 10:36 AM,Casa,Pali,JAMON PAVO,"1,520"
02/13/26 10:36 AM,Casa,Pali,LECHUGA,170
02/14/26 06:30 PM,Casa,Pali,FRIJOLES MOLIDOS,500
02/14/26 06:30 PM,Casa,Pali,PAPA,"2,140"
02/16/26 10:50 AM,Casa,Pali,CERDO BISTEC,"5,382"
02/16/26 10:50 AM,Casa,Pali,LECHE DELACTOMY,720
02/16/26 10:50 AM,Casa,Pali,MELOCOTON,"2,179"
02/16/26 10:50 AM,Casa,Pali,NATILLA DELACTOMY,"1,540"
02/16/26 10:50 AM,Casa,Pali,PECHUGA,"1,760"
02/16/26 10:50 AM,Casa,Pali,PEPINO,161
02/16/26 10:50 AM,Casa,Pali,PERA,420
02/16/26 10:50 AM,Casa,Pali,QUESO CREMA,"2,000"
02/16/26 10:50 AM,Casa,Pali,SALCHICHAS,"1,150"
02/16/26 10:50 AM,Casa,Pali,SALSA MAYONESA,"1,280"
02/16/26 10:50 AM,Casa,Pali,TORTILLAS TRIGO,880
02/18/26 02:50 PM,Mari,Pali,ACONDICIONADOR,"3,320"
02/18/26 02:50 PM,Casa,Pali,ARROZ,"1,800"
02/18/26 02:50 PM,Mari,Pali,PRESTOBARBA,"2,400"
02/20/26 05:28 PM,Casa,Pali,LECHE DELACTOMY,720
02/22/26 02:54 PM,Casa,Pali,CAFE VOLIO,"4,480"
02/22/26 02:54 PM,Casa,Pali,GALLETAS YEMMA,"1,350"
02/22/26 02:54 PM,Casa,Pali,JAMON PAVO,"2,110"
02/22/26 02:54 PM,Casa,Pali,PAN ARTESANO,"1,630"
02/22/26 02:54 PM,Casa,Pali,QUESO CREMA,"2,000"
02/23/26 01:34 PM,Casa,Pali,QUESO SINPE,"10,630"
02/23/26 01:52 PM,Casa,Pali,AJOS,420
02/23/26 01:52 PM,Casa,Pali,ARROZ,"2,800"
02/23/26 01:52 PM,Casa,Pali,CONSOME KNORR,"1,260"
02/23/26 01:52 PM,Casa,Pali,HUEVOS,"2,190"
02/23/26 01:52 PM,Casa,Pali,HUEVOS,"2,202"
02/23/26 01:52 PM,Casa,Pali,PLATANO,500
02/23/26 01:52 PM,Casa,Pali,SALSA LIZANO,"2,140"
02/25/26 02:50 PM,Casa,Pali,APIO,464
02/25/26 02:50 PM,Casa,Pali,ATUNES,"4,000"
02/25/26 02:50 PM,Casa,Pali,ATUNES,"3,000"
02/25/26 02:50 PM,Casa,Pali,FRIJOLES ROJOS,"2,740"
02/25/26 02:50 PM,Casa,Pali,NATILLA DELACTOMY,"2,300"
02/25/26 02:50 PM,Casa,Pali,NATILLA DELACTOMY,"2,580"
02/25/26 02:50 PM,Casa,Pali,TORTILLAS MAIZ,880
02/25/26 02:50 PM,Casa,Pali,ZANAHORIA,230
02/25/26 07:15 PM,Casa,Pali,LECHUGA,170
02/27/26 06:10 PM,Casa,Pali,H2O LIMON,"1,050"
02/27/26 06:10 PM,Casa,Pali,TOALLA COCINA,620
02/28/26 10:31 AM,Casa,Pali,TOMATE,"1,137"
03/01/26 04:16 PM,Casa,Pali,AZUCAR MORENA,"1,850"
03/01/26 04:16 PM,Casa,Pali,BOLSAS,720
03/01/26 04:16 PM,Casa,Pali,CAFE VOLIO,"4,480"
03/01/26 04:16 PM,Casa,Pali,CULANTRO,120
03/01/26 04:16 PM,Casa,Pali,HARINA,850
03/01/26 04:16 PM,Casa,Pali,HARINA,"1,680"
03/01/26 04:16 PM,Casa,Pali,HELADOS,"4,100"
03/01/26 04:16 PM,Casa,Pali,LECHUGA,170
03/01/26 04:16 PM,Casa,Pali,MANZANAS,730
03/01/26 04:16 PM,Casa,Pali,PAPA,"2,150"
03/01/26 04:16 PM,Casa,Pali,PAPEL HIGIENICO,"4,000"
03/01/26 04:16 PM,Casa,Pali,PEPINO,244
03/04/26 05:39 PM,Casa,Pali,MANTEQUILLA,"1,320"
03/04/26 05:39 PM,Casa,Pali,MASA,"2,460"
03/04/26 05:39 PM,Casa,Pali,POLLO MUSLITOS,"1,500"
03/04/26 05:39 PM,Casa,Pali,QUESO MOZARELLA,"7,000"
03/06/26 09:38 AM,Casa,Pali,APIO,227
03/06/26 09:38 AM,Casa,Pali,NATILLA DELACTOMY,"2,560"
03/10/26 05:57 PM,Casa,Pali,CAMOTE,"1,221"
03/10/26 05:57 PM,Casa,Pali,CLORO,760
03/10/26 05:57 PM,Casa,Pali,DESENGRASANTE,"1,860"
03/10/26 05:57 PM,Casa,Pali,ESPONJA,380
03/10/26 05:57 PM,Casa,Pali,GALLETAS CHIKY,980
03/10/26 05:57 PM,Casa,Pali,GALLETAS SODAS,530
03/10/26 05:57 PM,Casa,Pali,GALLETAS YEMMA,"1,350"
03/10/26 05:57 PM,Casa,Pali,JUGO NARANJA,"1,750"
03/10/26 05:57 PM,Casa,Pali,LAVAPLATOS,990
03/10/26 05:57 PM,Casa,Pali,LIMONES,630
03/10/26 05:57 PM,Casa,Pali,NATILLA DELACTOMY,"1,280"
03/10/26 05:57 PM,Casa,Pali,PAPA,"1,786"
03/10/26 05:57 PM,Andres,Pali,PRESTOBARBA,"2,630"
03/10/26 05:57 PM,Casa,Pali,RES COSTILLA,"4,080"
03/10/26 05:57 PM,Casa,Pali,SALSA MAYONESA,"1,280"
03/10/26 05:57 PM,Casa,Pali,TIQUISQUE,"1,242"
03/10/26 05:57 PM,Casa,Pali,TOMATE,"1,046"
03/14/26 07:29 PM,Casa,Pali,HELADOS,"3,760"
03/14/26 07:29 PM,Casa,Pali,TORTILLAS MAIZ,930
03/17/26 06:56 PM,Casa,Pali,CAFE VOLIO,"7,990"
03/17/26 06:56 PM,Casa,Pali,CONSOME KNORR,"2,100"
03/17/26 06:56 PM,Casa,Pali,GALLETAS MINIBARRITAS,"1,020"
03/17/26 06:56 PM,Casa,Pali,HARINA,750
03/17/26 06:56 PM,Casa,Pali,JABON RINSO,"3,600"
03/17/26 06:56 PM,Casa,Pali,NATILLA DELACTOMY,"1,150"
03/17/26 06:56 PM,Casa,Pali,NATILLA DELACTOMY,"1,050"
03/17/26 06:56 PM,Casa,Pali,QUESO CREMA,"2,000"
03/18/26 03:27 PM,Casa,Pali,CHILE DULCE,300
03/18/26 03:27 PM,Casa,Pali,GINGERALE,"1,800"
03/18/26 03:27 PM,Casa,Pali,MASA,"1,230"
03/18/26 03:27 PM,Casa,Pali,QUESO MOZARELLA,"3,500"
03/21/26 03:54 PM,Casa,Pali,ARROZ,"1,370"
03/21/26 03:54 PM,Casa,Pali,BOLSAS,360
03/21/26 03:54 PM,Casa,Pali,PAPEL HIGIENICO,"1,500"
03/21/26 03:54 PM,Casa,Pali,PAPEL HIGIENICO,"2,600"
03/21/26 03:54 PM,Casa,Pali,PECHUGA,"1,760"
03/21/26 03:54 PM,Casa,Pali,TOALLA COCINA,870
03/24/26 11:01 AM,Mari,Pali,ACONDICIONADOR,"7,040"
03/24/26 11:01 AM,Andres,Pali,CEPILLO DIENTES,"1,577"
03/25/26 10:52 AM,Casa,Pali,ATUNES,"2,040"
03/25/26 10:52 AM,Casa,Pali,BOLSAS,530
03/25/26 10:52 AM,Casa,Pali,FRIJOLES ROJOS,860
03/25/26 10:52 AM,Casa,Pali,GALLETAS CHIKY,"2,050"
03/25/26 10:52 AM,Casa,Pali,GALLETAS YEMMA,"1,350"
03/25/26 10:52 AM,Casa,Pali,GARBANZOS,560
03/25/26 10:52 AM,Casa,Pali,GINGERALE,"1,840"
03/25/26 10:52 AM,Casa,Pali,HARINA,"3,450"
03/25/26 10:52 AM,Casa,Pali,HELADOS,"3,760"
03/25/26 10:52 AM,Casa,Pali,JUGO NARANJA,"1,750"
03/25/26 10:52 AM,Casa,Pali,LECHUGA,170
03/25/26 10:52 AM,Casa,Pali,MAIZ,"1,080"
03/25/26 10:52 AM,Casa,Pali,PETIPOAS,600
03/25/26 10:52 AM,Casa,Pali,QUESO MOZARELLA,"7,000"
03/25/26 10:52 AM,Casa,Pali,QUESO PROCESADO,"2,560"
03/25/26 10:52 AM,Casa,Pali,SALSA MAYONESA,"1,280"
03/25/26 10:52 AM,Mari,Pali,SHAMPOO,"3,000"
03/25/26 10:52 AM,Casa,Pali,SPAGUETTI,"1,460"
03/25/26 10:52 AM,Casa,Pali,TOMATE,884
03/27/26 06:38 PM,Casa,Pali,LIMONES,700
03/27/26 06:38 PM,Casa,Pali,LIMONES,"1,060"
03/28/26 09:42 AM,Casa,Pali,CONSOME AJINOMOTO,420
03/28/26 09:42 AM,Casa,Pali,TOCINETA,"2,450"
04/01/26 11:30 AM,Casa,Maxi,ALCOHOL,"8,660"
04/01/26 11:30 AM,Casa,Maxi,ARROZ,"6,520"
04/01/26 11:30 AM,Casa,Maxi,ATUNES,"4,000"
04/01/26 11:30 AM,Andres,Maxi,AXE,"2,635"
04/01/26 11:30 AM,Casa,Maxi,BAYGON,"2,850"
04/01/26 11:30 AM,Casa,Maxi,BAYGON,"2,250"
04/01/26 11:30 AM,Casa,Maxi,BOLSAS,"1,020"
04/01/26 11:30 AM,Casa,Maxi,BOLSAS,"2,010"
04/01/26 11:30 AM,Casa,Maxi,CAFE VOLIO,"8,990"
04/01/26 11:30 AM,Mari,Maxi,CEPILLO DIENTES,"2,450"
04/01/26 11:30 AM,Casa,Maxi,CHILE DULCE,420
04/01/26 11:30 AM,Casa,Maxi,COLIFLOR,"4,500"
04/01/26 11:30 AM,Casa,Maxi,COLIFLOR,"1,190"
04/01/26 11:30 AM,Casa,Maxi,CONSOME AJINOMOTO,"2,520"
04/01/26 11:30 AM,Casa,Maxi,CONSOME SAZON NATURAL,"1,750"
04/01/26 11:30 AM,Casa,Maxi,DESINFECTANTE,"1,200"
04/01/26 11:30 AM,Casa,Maxi,DETERGENTE,750
04/01/26 11:30 AM,Casa,Maxi,ESPONJA,920
04/01/26 11:30 AM,Casa,Maxi,ESPUMIL,800
04/01/26 11:30 AM,Casa,Maxi,ESPUMIL,830
04/01/26 11:30 AM,Casa,Maxi,FRIJOLES MOLIDOS,550
04/01/26 11:30 AM,Casa,Maxi,FRIJOLES ROJOS,700
04/01/26 11:30 AM,Casa,Maxi,GARBANZOS,560
04/01/26 11:30 AM,Casa,Maxi,GELATINA,"1,180"
04/01/26 11:30 AM,Casa,Maxi,GELATINA,"3,760"
04/01/26 11:30 AM,Casa,Maxi,GELATINA,"1,440"
04/01/26 11:30 AM,Casa,Maxi,HARINA,"1,560"
04/01/26 11:30 AM,Casa,Maxi,JABON CUERPO,"2,360"
04/01/26 11:30 AM,Casa,Maxi,JABON FAB,"6,600"
04/01/26 11:30 AM,Casa,Maxi,JABON FORT3,"1,740"
04/01/26 11:30 AM,Casa,Maxi,JABON IREX,"2,850"
04/01/26 11:30 AM,Casa,Maxi,JABON IREX,"5,160"
04/01/26 11:30 AM,Mari,Maxi,JABON NEUTRO,"4,120"
04/01/26 11:30 AM,Mari,Maxi,KOTEX,"4,920"
04/01/26 11:30 AM,Casa,Maxi,LENTEJAS,630
04/01/26 11:30 AM,Casa,Maxi,MANTEQUILLA,"4,380"
04/01/26 11:30 AM,Casa,Maxi,MANTEQUILLA,"1,320"
04/01/26 11:30 AM,Casa,Maxi,MASA,"1,230"
04/01/26 11:30 AM,Casa,Maxi,NATILLA DELACTOMY,"1,460"
04/01/26 11:30 AM,Casa,Maxi,PALMITO,"1,300"
04/01/26 11:30 AM,Casa,Maxi,PAPA,"2,270"
04/01/26 11:30 AM,Andres,Maxi,PASTA DIENTES,680
04/01/26 11:30 AM,Mari,Maxi,PASTA DIENTES,"3,500"
04/01/26 11:30 AM,Casa,Maxi,PETIPOAS,900
04/01/26 11:30 AM,Casa,Maxi,QUESO PARMESANO,"2,500"
04/01/26 11:30 AM,Casa,Maxi,SALCHICHAS,"1,150"
04/01/26 11:30 AM,Casa,Maxi,SALCHICHON,980
04/01/26 11:30 AM,Casa,Maxi,SALSA BBQ,850
04/01/26 11:30 AM,Casa,Maxi,SPAGUETTI,"1,600"
04/01/26 11:30 AM,Casa,Maxi,SUAVIZANTE,"2,040"
04/01/26 11:30 AM,Casa,Maxi,TILAPIA,"6,600"
04/01/26 11:30 AM,Casa,Maxi,TOCINETA,"3,160"
04/01/26 11:30 AM,Casa,Maxi,TOCINETA,"2,120"
04/01/26 11:30 AM,Casa,Maxi,VANISH BARRA,"2,200"
04/01/26 11:30 AM,Casa,Maxi,VANISH LIQUIDO,"6,930"
04/01/26 11:30 AM,Casa,Maxi,ZANAHORIA,550
04/01/26 01:46 PM,Casa,Pali,AJOS,190
04/01/26 01:46 PM,Casa,Pali,CARNE MECHAR,"4,464"
04/01/26 01:46 PM,Casa,Pali,CEBOLLA,"1,470"
04/01/26 01:46 PM,Casa,Pali,DESENGRASANTE,930
04/01/26 01:46 PM,Casa,Pali,DESENGRASANTE,990
04/01/26 01:46 PM,Casa,Pali,HUEVOS,"2,438"
04/06/26 07:31 PM,Casa,Pali,MASA,"1,230"
04/06/26 07:31 PM,Casa,Pali,PAPEL HIGIENICO,"5,200"
04/07/26 07:39 PM,Casa,Pali,JUGO NARANJA,"1,750"
04/07/26 07:39 PM,Casa,Pali,LAVAPLATOS,990
04/09/26 12:06 PM,Casa,Pali,LECHUGA,170
04/09/26 12:06 PM,Casa,Pali,SALCHICHAS,"1,150"
04/10/26 03:09 PM,Casa,Pali,HARINA,740
04/11/26 07:14 PM,Casa,Pali,HUEVOS,"2,561"
04/11/26 07:14 PM,Casa,Pali,MANZANAS,730
04/11/26 07:14 PM,Casa,Pali,TORTILLAS TRIGO,"1,980"
04/12/26 05:26 PM,Casa,Pali,GALLETAS ARTESANAS,"1,920"
04/12/26 05:26 PM,Casa,Pali,GALLETAS CAMPECHANAS,"1,150"
04/12/26 05:26 PM,Casa,Pali,NATILLA DELACTOMY,"1,500"
04/13/26 01:14 PM,Casa,Pali,HARINA,"3,600"
04/13/26 01:14 PM,Casa,Pali,MANZANAS,730
04/13/26 01:14 PM,Casa,Pali,MASA,"1,500"
04/18/26 11:28 AM,Casa,Pali,CONSOME KNORR,840
04/18/26 11:28 AM,Casa,Pali,GINGERALE,"1,340"
04/18/26 11:28 AM,Casa,Pali,MANTEQUILLA,"1,320"
04/18/26 06:15 PM,Casa,Pali,JABON FORT3,"2,000"
04/18/26 06:15 PM,Mari,Pali,KOTEX,"2,000"
04/20/26 09:44 AM,Casa,Pali,APIO,389
04/20/26 09:44 AM,Casa,Pali,CEBOLLA,230
04/20/26 09:44 AM,Casa,Pali,CHILE DULCE,210
04/20/26 09:44 AM,Casa,Pali,ESPINACA,280
04/20/26 09:44 AM,Casa,Pali,PECHUGA,"2,760"
04/20/26 09:44 AM,Casa,Pali,SALSA MAYONESA,"2,560"
04/20/26 09:44 AM,Casa,Pali,VAINICA,710
04/20/26 09:44 AM,Casa,Pali,ZANAHORIA,459
04/22/26 09:53 AM,Casa,Pali,AJOS,230
04/22/26 09:53 AM,Casa,Pali,CAMOTE,"1,238"
04/22/26 09:53 AM,Casa,Pali,CLORO,760
04/22/26 09:53 AM,Casa,Pali,FRIJOLES MOLIDOS,510
04/22/26 09:53 AM,Casa,Pali,FRIJOLES ROJOS,"1,650"
04/22/26 09:53 AM,Casa,Pali,JABON FORT3,"1,610"
04/22/26 09:53 AM,Casa,Pali,JUGO NARANJA,"1,750"
04/22/26 09:53 AM,Casa,Pali,LIMONES,"1,020"
04/22/26 09:53 AM,Casa,Pali,MANZANAS,800
04/22/26 09:53 AM,Casa,Pali,NATILLA DELACTOMY,"1,400"
04/22/26 09:53 AM,Casa,Pali,PAPA,"1,092"
04/22/26 09:53 AM,Casa,Pali,PAPEL HIGIENICO,"5,200"
04/22/26 09:53 AM,Casa,Pali,QUESO SINPE,"3,140"
04/22/26 09:53 AM,Casa,Pali,ZANAHORIA,490
04/23/26 10:49 AM,Casa,Pali,HUEVOS,"1,196"
04/23/26 10:49 AM,Casa,Pali,HUEVOS,"1,300"
04/23/26 10:49 AM,Casa,Pali,LENTEJAS,580
04/23/26 10:49 AM,Casa,Pali,SALSA LIZANO,"1,000"
04/23/26 10:49 AM,Casa,Pali,TOMATE,"1,390"
04/27/26 01:44 PM,Casa,Pali,BAYGON,"2,850"
04/27/26 01:44 PM,Casa,Pali,GALLETAS BOKITAS,"1,480"
04/27/26 01:44 PM,Casa,Pali,HELADOS,"3,000"
04/27/26 01:44 PM,Casa,Pali,JAMON PAVO,"1,960"
04/27/26 01:44 PM,Casa,Pali,NATILLA DELACTOMY,"1,500"
04/27/26 01:44 PM,Casa,Pali,NATILLA DELACTOMY,"1,400"
04/27/26 01:44 PM,Casa,Pali,PAPA,"2,530"
04/27/26 01:44 PM,Casa,Pali,QUESO PROCESADO,"1,950"
04/27/26 01:44 PM,Casa,Pali,TORTILLAS MAIZ,"1,050"
04/29/26 06:51 AM,Casa,Pali,QUESO SINPE,"11,400"
05/06/26 02:40 PM,Casa,Pali,AZUCAR MORENA,"1,840"
05/06/26 02:40 PM,Casa,Pali,CAFE VOLIO,"4,400"
05/06/26 02:40 PM,Casa,Pali,NATILLA DELACTOMY,"2,800"
05/06/26 02:40 PM,Casa,Pali,POLLO MUSLITOS,"1,890"
05/06/26 02:40 PM,Casa,Pali,QUESO CREMA,"1,950"
05/06/26 02:40 PM,Casa,Pali,SERVILLETAS,500
05/06/26 02:40 PM,Casa,Pali,TOMATE,"1,706"
05/06/26 02:40 PM,Casa,Pali,TORTILLAS MAIZ,"1,980"
05/09/26 10:28 AM,Casa,Pali,CLORO,"1,300"
05/09/26 10:28 AM,Casa,Pali,DETERGENTE,"2,710"
05/09/26 10:28 AM,Casa,Pali,HUEVOS,"1,260"
05/09/26 10:28 AM,Casa,Pali,HUEVOS,"1,365"
05/09/26 10:28 AM,Casa,Pali,PAPEL HIGIENICO,"5,000"
05/09/26 10:28 AM,Casa,Pali,SERVILLETAS,490
05/09/26 10:28 AM,Casa,Pali,TOALLA COCINA,870
05/16/26 09:05 AM,Mari,Pali,ACONDICIONADOR,"5,290"
05/16/26 09:05 AM,Casa,Pali,AJOS,460
05/16/26 09:05 AM,Casa,Pali,BOLSAS,360
05/16/26 09:05 AM,Casa,Pali,CONSOME KNORR,"1,680"
05/16/26 09:05 AM,Casa,Pali,DESENGRASANTE,"1,860"
05/16/26 09:05 AM,Casa,Pali,JABON FORT3,"4,000"
05/16/26 09:05 AM,Mari,Pali,KOTEX,"2,000"
05/16/26 09:05 AM,Casa,Pali,MAIZ,"1,020"
05/16/26 09:05 AM,Casa,Pali,PAPEL HIGIENICO,"5,200"
05/16/26 09:05 AM,Casa,Pali,QUESO MOZARELLA,"3,700"
05/16/26 09:05 AM,Casa,Pali,TOALLA COCINA,800
05/16/26 09:05 AM,Casa,Pali,YOGURT,"2,470"
05/17/26 06:52 PM,Casa,Pali,GALLETAS JULIETAS,"1,170"
05/17/26 06:52 PM,Casa,Pali,NATILLA DELACTOMY,"1,500"
05/19/26 01:08 PM,Casa,Pali,HELADOS,"2,500"
05/19/26 01:08 PM,Casa,Pali,SALSA BBQ,"2,110"
05/22/26 04:45 PM,Casa,Pali,CAFE VOLIO,"12,000"
05/22/26 04:45 PM,Casa,Pali,HUEVOS,696
05/22/26 04:45 PM,Casa,Pali,HUEVOS,731
05/22/26 04:45 PM,Casa,Pali,JAMON PAVO,"1,960"
05/22/26 04:45 PM,Casa,Pali,QUESO MOZARELLA,"7,400"
05/22/26 04:45 PM,Casa,Pali,QUESO PROCESADO,"1,270"
05/25/26 10:39 AM,Casa,Pali,ARROZ,"2,640"
05/25/26 10:39 AM,Casa,Pali,DESINFECTANTE,620
05/25/26 10:39 AM,Casa,Pali,GALLETAS CLUB,"1,570"
05/25/26 10:39 AM,Casa,Pali,GALLETAS MINIBARRITAS,"1,020"
05/25/26 10:39 AM,Casa,Pali,GALLETAS SODAS,"1,520"
05/25/26 10:39 AM,Casa,Pali,GALLETAS YIPPY,"1,800"
05/25/26 10:39 AM,Casa,Pali,GALLETAS YUMMY,"2,000"
05/25/26 03:02 PM,Casa,Pali,BOLSAS,"2,220"
05/25/26 03:02 PM,Casa,Pali,GINGERALE,"1,600"
05/25/26 03:02 PM,Casa,Pali,JUGO NARANJA,"1,750"
05/26/26 01:37 PM,Casa,Bazar Magy,CLORO,"1,250"
05/26/26 01:37 PM,Casa,Bazar Magy,CONTROLADOR OLORES,"2,700"
05/27/26 05:03 PM,Casa,Pali,LIMONES,670
05/27/26 05:03 PM,Casa,Pali,LINAZA,810
05/28/26 03:44 PM,Casa,Maxi,ACEITE CANOLA,"2,349"
05/28/26 03:44 PM,Casa,Maxi,AXE,"3,030"
05/28/26 03:44 PM,Casa,Maxi,AZUCAR MORENA,"2,000"
05/28/26 03:44 PM,Casa,Maxi,BOLSAS,"1,170"
05/28/26 03:44 PM,Casa,Maxi,BOLSAS,440
05/28/26 03:44 PM,Casa,Maxi,BOLSAS,720
05/28/26 03:44 PM,Casa,Maxi,BOLSAS,"1,200"
05/28/26 03:44 PM,Andres,Maxi,CEPILLO DIENTES,"1,710"
05/28/26 03:44 PM,Casa,Maxi,CEREAL TRIJUELAS,850
05/28/26 03:44 PM,Casa,Maxi,CONSOME AJINOMOTO,"2,520"
05/28/26 03:44 PM,Casa,Maxi,CONSOME SABOR COLOR,"2,000"
05/28/26 03:44 PM,Casa,Maxi,ESPUMIL,"1,200"
05/28/26 03:44 PM,Casa,Maxi,FRIJOLES ROJOS,"1,200"
05/28/26 03:44 PM,Casa,Maxi,GALLETAS MANTEQUILLA,"1,500"
05/28/26 03:44 PM,Casa,Maxi,GALLETAS YEMMA,"2,700"
05/28/26 03:44 PM,Casa,Maxi,GELATINA,590
05/28/26 03:44 PM,Casa,Maxi,GELATINA,720
05/28/26 03:44 PM,Casa,Maxi,JABON CUERPO,"1,320"
05/28/26 03:44 PM,Mari,Maxi,JABON NEUTRO,"2,300"
05/28/26 03:44 PM,Casa,Maxi,JABON XEDEX,"7,780"
05/28/26 03:44 PM,Casa,Maxi,JABONZOTE,"1,440"
05/28/26 03:44 PM,Casa,Maxi,JABONZOTE,"1,440"
05/28/26 03:44 PM,Casa,Maxi,MASA,"1,380"
05/28/26 03:44 PM,Casa,Maxi,MERMELADAS,"1,555"
05/28/26 03:44 PM,Casa,Maxi,NATILLA DELACTOMY,"2,200"
05/28/26 03:44 PM,Casa,Maxi,PARMESANO,"2,950"
05/28/26 03:44 PM,Andres,Maxi,PRESTOBARBA,"6,030"
05/28/26 03:44 PM,Mari,Maxi,PRESTOBARBA,"5,250"
05/28/26 03:44 PM,Casa,Maxi,QUESO CREMA,"1,860"
05/28/26 03:44 PM,Casa,Maxi,SAL,680
05/28/26 03:44 PM,Casa,Maxi,SALCHICHAS,"1,350"
05/28/26 03:44 PM,Casa,Maxi,SALSA ADEREZO,950
05/28/26 03:44 PM,Casa,Maxi,SALSA ADEREZO,810
05/28/26 03:44 PM,Casa,Maxi,SALSA ESPECIAL,"1,100"
05/28/26 03:44 PM,Casa,Maxi,SALSA LIZANO,"2,000"
05/28/26 03:44 PM,Casa,Maxi,SALSA MAYONESA,"2,440"
05/28/26 03:44 PM,Casa,Maxi,SALSA MAYONESA,-440
05/28/26 03:44 PM,Casa,Maxi,SALSA QUESO,"3,020"
05/28/26 03:44 PM,Casa,Maxi,SALSA QUESO,"1,820"
05/28/26 03:44 PM,Casa,Maxi,SALSA RANCH,980
05/28/26 03:44 PM,Casa,Maxi,SALSA SANDIWCH,800
05/28/26 03:44 PM,Casa,Maxi,SALSA TOMATE,"2,600"
05/28/26 03:44 PM,Casa,Maxi,SALSAS NATURAS,"2,400"
05/28/26 03:44 PM,Casa,Maxi,SOPA,760
05/28/26 03:44 PM,Casa,Maxi,SUAVIZANTE,"1,750"
05/28/26 03:44 PM,Casa,Maxi,SUAVIZANTE,"1,200"
05/28/26 03:44 PM,Casa,Maxi,TOCINETA,"2,120"
05/28/26 03:44 PM,Casa,Maxi,TOMATE,"1,560"
05/28/26 03:44 PM,Casa,Maxi,YOGURT,"2,300"
06/01/26 03:28 PM,Casa,Pali,HUEVOS,700
06/01/26 03:28 PM,Casa,Pali,HUEVOS,696
06/01/26 03:28 PM,Casa,Pali,LASAGNA,"3,500"
06/03/26 08:04 AM,Casa,Pali,GINGERALE,"2,500"
06/03/26 08:04 AM,Andres,Pali,PASTA DIENTES,"1,000"
06/04/26 11:22 AM,Casa,Pali,ATUNES,"8,000"
06/04/26 11:22 AM,Casa,Pali,ATUNES,"3,400"
06/04/26 11:22 AM,Casa,Pali,ATUNES,"3,850"
06/04/26 11:22 AM,Casa,Pali,CERDO BISTEC,"2,903"
06/04/26 11:22 AM,Casa,Pali,CERDO BISTEC,"2,670"
06/04/26 11:22 AM,Casa,Pali,CHULETA AHUMADA,"6,680"
06/04/26 11:22 AM,Casa,Pali,HONGOS,860
06/04/26 11:22 AM,Casa,Pali,LECHE DELACTOMY,"1,830"
06/04/26 11:22 AM,Casa,Pali,MAIZ,"1,360"
06/04/26 11:22 AM,Casa,Pali,MANGA,455
06/04/26 11:22 AM,Casa,Pali,MANTEQUILLA,"1,320"
06/04/26 11:22 AM,Casa,Pali,MANZANAS,740
06/04/26 11:22 AM,Casa,Pali,NATILLA DELACTOMY,"1,550"
06/04/26 11:22 AM,Casa,Pali,PAPA,"1,223"
06/04/26 11:22 AM,Mari,Pali,PASTA DIENTES,"2,100"
06/04/26 11:22 AM,Casa,Pali,PETIPOAS,600
06/04/26 11:22 AM,Casa,Pali,RES CHORIZO,"1,685"
06/04/26 11:22 AM,Casa,Pali,RES CHORIZO,"1,721"
06/04/26 11:22 AM,Casa,Pali,TOMATE,"1,160"
06/05/26 10:09 AM,Casa,Pali,TOALLA COCINA,870
06/05/26 10:09 AM,Casa,Pali,TORTILLAS MAIZ,"2,100"
06/08/26 04:06 PM,Casa,Pali,CEREAL TRIJUELAS,"1,500"
06/08/26 04:06 PM,Casa,Pali,PECHUGA,"5,540"
06/08/26 04:06 PM,Casa,Pali,POLLO MUSLITOS,"1,715"
06/09/26 12:33 PM,Casa,Pali,JABON RINSO,"3,900"
06/09/26 12:33 PM,Casa,Pali,PAPEL HIGIENICO,"5,200"
06/09/26 12:33 PM,Casa,Pali,QUESO MOZARELLA,"3,700"
06/09/26 12:33 PM,Casa,Pali,SERVILLETAS,730
06/10/26 01:51 PM,Casa,Pali,CARNE MOLIDA,"3,320"
06/10/26 01:51 PM,Casa,Pali,HARINA,"1,900"
06/10/26 01:51 PM,Casa,Pali,HELADOS,"2,200"
06/10/26 01:51 PM,Casa,Pali,HUEVOS,726
06/10/26 01:51 PM,Casa,Pali,HUEVOS,735
06/10/26 01:51 PM,Casa,Pali,JUGO NARANJA,"2,000"
06/10/26 01:51 PM,Casa,Pali,LECHE CONDENSADA,"1,000"
06/10/26 01:51 PM,Casa,Pali,QUESO MOZARELLA,"3,700"
06/10/26 01:51 PM,Casa,Pali,TOMATE,"1,012"
06/14/26 10:39 AM,Casa,Pali,CREMA CAFE,"1,900"
06/14/26 10:39 AM,Casa,Pali,LECHE DELACTOMY,"1,920"
06/14/26 10:39 AM,Casa,Pali,NATILLA DELACTOMY,"2,920"
06/14/26 10:39 AM,Casa,Pali,QUESO CREMA,"1,750"
06/14/26 10:39 AM,Casa,Pali,VINAGRE,320
06/16/26 11:30 AM,Casa,Pali,CARNE MECHAR,"4,896"
06/16/26 11:30 AM,Casa,Pali,CLORO,"1,100"
06/16/26 11:30 AM,Casa,Pali,GINGERALE,"1,600"
06/16/26 11:30 AM,Casa,Pali,LECHE CONDENSADA,"1,100"
06/16/26 11:30 AM,Casa,Pali,PAN ARTESANO,"1,780"
06/16/26 11:30 AM,Casa,Pali,RES COSTILLA,"4,496"
06/19/26 04:53 PM,Casa,Auto,CONSOME SAZON COMPLETA,"4,300"
06/22/26 01:22 PM,Casa,Pali,ACEITE GIRASOL,740
06/22/26 01:22 PM,Casa,Pali,BAYGON,"2,850"
06/22/26 01:22 PM,Casa,Pali,CAFE VOLIO,"4,700"
06/22/26 01:22 PM,Casa,Pali,DESENGRASANTE,"2,000"
06/22/26 01:22 PM,Casa,Pali,GELATINA,740
06/22/26 01:22 PM,Casa,Pali,GELATINA,740
06/22/26 01:22 PM,Casa,Pali,GELATINA,740
06/22/26 01:22 PM,Casa,Pali,GELATINA,740
06/22/26 01:22 PM,Casa,Pali,HELADOS,"2,970"
06/22/26 01:22 PM,Casa,Pali,JABON CUERPO,"1,190"
06/22/26 01:22 PM,Casa,Pali,JAMON PAVO,"2,600"
06/22/26 01:22 PM,Casa,Pali,LECHE CONDENSADA,"1,000"
06/22/26 01:22 PM,Casa,Pali,LECHE DELACTOMY,"2,500"
06/22/26 01:22 PM,Casa,Pali,LECHE EVAPORADA,"1,800"
06/22/26 01:22 PM,Casa,Pali,MANTEQUILLA,"1,320"
06/22/26 01:22 PM,Casa,Pali,POLVO HORNEAR,640
06/22/26 01:22 PM,Casa,Pali,QUESO RAYADO,"1,750"
06/22/26 01:22 PM,Casa,Pali,SALCHICHON,"2,620"
06/22/26 01:22 PM,Casa,Pali,TOCINETA,"2,020"
06/22/26 01:27 PM,Casa,Pali,AJOS,440
06/22/26 01:27 PM,Casa,Pali,CAMOTE,"1,920"
06/22/26 01:27 PM,Casa,Pali,HUEVOS,611
06/22/26 01:27 PM,Casa,Pali,HUEVOS,618
06/22/26 01:27 PM,Casa,Pali,MANGA,778
06/22/26 01:27 PM,Casa,Pali,MELON,"1,085"
06/22/26 01:27 PM,Casa,Pali,PAPA,"1,658"
06/22/26 01:27 PM,Casa,Pali,PAPAYA,418
06/22/26 01:27 PM,Casa,Pali,PINA,"1,650"
06/22/26 01:27 PM,Casa,Pali,SANDIA,"1,101"
06/22/26 01:27 PM,Casa,Pali,TOMATE,869
06/22/26 01:27 PM,Casa,Pali,ZANAHORIA,899
06/23/26 08:02 AM,Casa,Pali,ALMENDRAS,"1,800"
06/23/26 08:02 AM,Casa,Pali,AZUCAR BLANCA,720
06/23/26 08:02 AM,Casa,Pali,AZUCAR MORENA,740
06/23/26 08:02 AM,Casa,Pali,DETERGENTE,"1,960"
06/24/26 02:45 PM,Casa,Pali,APIO,594
06/24/26 02:45 PM,Casa,Pali,CEBOLLA,290
06/24/26 02:45 PM,Casa,Pali,CULANTRO,90
06/24/26 02:45 PM,Casa,Pali,CULANTRO,340
06/24/26 02:45 PM,Casa,Pali,ESPINACA,"1,020"
06/24/26 02:45 PM,Casa,Pali,TORTILLAS MAIZ,"1,000"
06/25/26 07:26 PM,Casa,Walmart,ALCOHOL,"13,000"
06/27/26 07:58 PM,Casa,Pali,PAPA,"1,490"
06/27/26 07:58 PM,Casa,Pali,PAPA,"2,530"
06/27/26 07:58 PM,Casa,Pali,TROPICAL,"1,100"
06/30/26 01:50 PM,Casa,Pali,CONSOME MAGGI,"2,180"
06/30/26 01:50 PM,Casa,Pali,CONSOME POLLO,"2,050"
06/30/26 01:50 PM,Casa,Pali,CONSOME SABOR COLOR,"1,810"
06/30/26 01:50 PM,Casa,Pali,CONSOME SAZON,"1,990"
06/30/26 01:50 PM,Casa,Pali,FRIJOLES ROJOS,"1,350"
06/30/26 01:50 PM,Casa,Pali,JABON FAB,"14,000"
06/30/26 01:50 PM,Casa,Pali,JABON IREX,"2,900"
06/30/26 01:50 PM,Casa,Pali,JUGO NARANJA,"2,000"
06/30/26 01:50 PM,Casa,Pali,LINAZA,820
06/30/26 01:50 PM,Casa,Pali,NATILLA DELACTOMY,"1,640"
06/30/26 01:50 PM,Casa,Pali,NATILLA DELACTOMY,"2,980"
06/30/26 01:50 PM,Casa,Pali,SALSA CHINA,"1,160"
07/04/26 03:30 PM,Casa,Pali,ACEITE GIRASOL,740
07/04/26 03:30 PM,Casa,Pali,AZUCAR BLANCA,660
07/04/26 03:30 PM,Casa,Pali,CARNE PRENSADA,"1,230"
07/04/26 03:30 PM,Casa,Pali,FRIJOLES MOLIDOS,"1,500"
07/04/26 03:30 PM,Casa,Pali,FRIJOLES ROJOS,"1,800"
07/04/26 03:30 PM,Casa,Pali,GALLETAS BOKITAS,"1,480"
07/04/26 03:30 PM,Casa,Pali,GALLETAS CLUB,"1,570"
07/04/26 03:30 PM,Casa,Pali,GALLETAS OREO,"2,500"
07/04/26 03:30 PM,Casa,Pali,GALLETAS SODAS,530
07/04/26 03:30 PM,Casa,Pali,GINGERALE,"2,150"
07/04/26 03:30 PM,Casa,Pali,HUEVOS,"1,404"
07/04/26 03:30 PM,Casa,Pali,LAVAPLATOS,990
07/04/26 03:30 PM,Casa,Pali,MANTEQUILLA,"1,130"
07/04/26 03:30 PM,Casa,Pali,MASA,"3,000"
07/04/26 03:30 PM,Casa,Pali,NATILLA DELACTOMY,"1,550"
07/04/26 03:30 PM,Casa,Pali,PAPEL HIGIENICO,"2,600"
07/04/26 03:30 PM,Andres,Pali,PASTA DIENTES,"1,000"
07/04/26 03:30 PM,Casa,Pali,TOALLA COCINA,870
07/04/26 03:30 PM,Casa,Pali,TROPICAL,"1,170"
07/04/26 03:30 PM,Casa,Pali,TROPICAL,"1,000"
07/07/26 02:58 PM,Casa,Pali,ARROZ,"2,640"
07/07/26 02:58 PM,Casa,Pali,CAFE VOLIO,"7,500"
07/07/26 02:58 PM,Andres,Pali,ENJUAGE BUCAL,"2,500"
07/07/26 02:58 PM,Casa,Pali,LECHE CONDENSADA,"1,000"
07/07/26 02:58 PM,Casa,Pali,MANTEQUILLA,"5,260"
07/07/26 02:58 PM,Casa,Pali,QUESO MOZARELLA,"3,700"
07/07/26 02:58 PM,Casa,Pali,TROPICAL,"1,170"
07/09/26 03:33 PM,Casa,Pali,GALLETAS MINIBARRITAS,"1,020"
07/09/26 03:33 PM,Casa,Pali,MANZANAS,890
07/12/26 06:19 PM,Casa,Pali,CLORO,680
07/12/26 06:19 PM,Casa,Pali,TORTILLAS TRIGO,950
07/16/26 04:06 PM,Casa,Pali,ACEITE GIRASOL,740
07/16/26 04:06 PM,Casa,Pali,CREMA CAFE,"1,880"
07/16/26 04:06 PM,Casa,Pali,HUEVOS,672
07/16/26 04:06 PM,Casa,Pali,HUEVOS,656
07/16/26 04:06 PM,Casa,Pali,JABON LAVAPLATOS,990
07/16/26 04:06 PM,Casa,Pali,MARGARINA,"1,320"
07/16/26 04:06 PM,Casa,Pali,PAN ARTESANO,"1,780"
07/16/26 04:06 PM,Casa,Pali,QUESO CREMA,"2,970"
07/16/26 04:06 PM,Casa,Pali,QUESO PROCESADO,"1,790"
07/16/26 04:06 PM,Casa,Pali,SALSA MAYONESA,"2,500"
07/18/26 01:24 PM,Casa,Pali,QUESO SINPE,"8,000"
07/18/26 01:39 PM,Casa,Pali,LECHUGA,190
07/18/26 01:39 PM,Casa,Pali,PAPEL HIGIENICO,"5,000"
07/18/26 01:39 PM,Casa,Pali,TOALLA COCINA,"1,740"
07/19/26 01:41 PM,Casa,Pali,BOLSAS,"2,680"
07/19/26 01:41 PM,Casa,Pali,BOLSAS,"2,000"
07/19/26 01:41 PM,Casa,Pali,LIMONES,"1,240"
07/19/26 01:41 PM,Casa,Pali,MANTEQUILLA,"4,530"
07/19/26 01:41 PM,Casa,Pali,QUESO CREMA,"1,270"
07/19/26 01:41 PM,Casa,Pali,SALSA ANGUILA,"3,720"
07/19/26 01:41 PM,Casa,Pali,SALSA BBQ,"1,830"
07/19/26 01:41 PM,Casa,Pali,SALSA ESPECIAL,"1,430"
07/19/26 01:41 PM,Casa,Pali,SALSA PICANTE,"1,800"
07/19/26 06:24 PM,Casa,Pali,BOLSAS,"1,800"
07/19/26 06:24 PM,Casa,Pali,BOLSAS,840
07/19/26 06:24 PM,Casa,Pali,CULANTRO,170
07/19/26 06:24 PM,Casa,Pali,DESINFECTANTE,"1,980"
07/19/26 06:24 PM,Casa,Pali,LECHE CONDENSADA,"1,100"
07/19/26 06:24 PM,Casa,Pali,LECHE DELACTOMY,"2,340"
07/19/26 06:24 PM,Casa,Pali,LECHE EVAPORADA,"1,800"
07/19/26 06:24 PM,Casa,Pali,LECHE EVAPORADA,"1,100"
07/19/26 06:24 PM,Casa,Pali,VAINILLA,"1,190"
07/19/26 06:25 PM,Casa,Pali,PAPA,"1,610"
07/19/26 06:25 PM,Casa,Pali,TOMATE,"1,058"
07/21/26 08:02 AM,Casa,Pali,GALLETAS CAMPECHANAS,"1,150"
07/21/26 08:02 AM,Casa,Pali,GALLETAS CHIPS AHOY,"1,100"
07/21/26 08:02 AM,Casa,Pali,GALLETAS MINIBARRITAS,"1,000"
07/21/26 08:02 AM,Casa,Pali,HUEVOS,640
07/21/26 08:02 AM,Mari,Pali,JABON NEUTRO,"2,000"
07/21/26 08:02 AM,Casa,Pali,LECHE DELACTOMY,660
07/21/26 08:02 AM,Casa,Pali,POLVO HORNEAR,640
07/21/26 08:02 AM,Casa,Pali,TROPICAL,540
07/24/26 01:04 PM,Casa,Pali,GALLETAS MANTEQUILLA,"1,530"
07/24/26 01:04 PM,Casa,Pali,GALLETAS OREO,"2,500"
07/24/26 01:04 PM,Casa,Pali,GALLETAS SODAS,"1,520"
07/24/26 01:04 PM,Casa,Pali,GALLETAS SORBETOS,"1,850"
07/24/26 01:04 PM,Casa,Pali,GUISANTES,900
07/24/26 01:04 PM,Casa,Pali,HONGOS,"1,275"
07/24/26 01:04 PM,Casa,Pali,MAIZ,"1,360"
07/24/26 01:04 PM,Casa,Pali,MAIZENA,"2,200"
07/24/26 01:04 PM,Casa,Pali,MANZANAS,870
07/24/26 01:04 PM,Casa,Pali,NATILLA DELACTOMY,"1,500"
07/24/26 01:04 PM,Casa,Pali,NATILLA DELACTOMY,"3,140"
07/24/26 01:04 PM,Casa,Pali,QUESO PROCESADO,"2,200"
07/24/26 01:04 PM,Casa,Pali,SALCHICHON,"2,000"
07/24/26 01:04 PM,Casa,Pali,TROPICAL,"1,120"
07/26/26 01:39 PM,Casa,Pali,ALMENDRAS,"1,980"
07/26/26 01:39 PM,Casa,Pali,CARNE MECHAR,"2,986"
07/26/26 01:39 PM,Casa,Pali,CREMA DULCE,"2,060"
07/26/26 01:39 PM,Casa,Pali,HONGOS,"1,080"
07/26/26 01:39 PM,Casa,Pali,LECHE CONDENSADA,"1,100"
07/26/26 01:39 PM,Casa,Pali,LECHE DELACTOMY,"1,290"
07/26/26 01:39 PM,Casa,Pali,PASAS,620
07/26/26 01:39 PM,Casa,Pali,POLVO HORNEAR,640
07/26/26 01:39 PM,Casa,Pali,REMOLACHA,240
07/26/26 01:39 PM,Casa,Pali,RES TROCITOS,"3,034"
07/26/26 01:39 PM,Casa,Pali,RES TROCITOS,"2,622"
07/26/26 01:39 PM,Casa,Pali,VAINILLA,"1,530"
07/26/26 01:39 PM,Casa,Pali,ZANAHORIA,790
07/28/26 07:52 AM,Casa,Pali,ARROZ,"2,640"
07/28/26 07:52 AM,Casa,Pali,AZUCAR MORENA,"1,860"
07/28/26 07:52 AM,Casa,Pali,CAFE VOLIO,"12,000"
07/28/26 07:52 AM,Andres,Pali,CEPILLO DIENTES,"1,710"
07/28/26 07:52 AM,Casa,Pali,DETERGENTE,730
07/28/26 07:52 AM,Casa,Pali,JABON FORT3,"2,500"
07/28/26 07:52 AM,Casa,Pali,JABON RINSO,"1,600"
07/28/26 07:52 AM,Casa,Pali,SUAVIZANTE,"1,625"
08/01/26 10:51 AM,Casa,Pali,ACEITE GIRASOL,740
08/01/26 10:51 AM,Casa,Pali,AJOS,690
08/01/26 10:51 AM,Casa,Pali,CARNE PRENSADA,"1,230"
08/01/26 10:51 AM,Casa,Pali,CERDO BISTEC,"3,270"
08/01/26 10:51 AM,Casa,Pali,CHULETA AHUMADA,"6,640"
08/01/26 10:51 AM,Casa,Pali,HARINA,850
08/01/26 10:51 AM,Casa,Pali,HELADOS,"2,200"
08/01/26 10:51 AM,Casa,Pali,HUEVOS,874
08/01/26 10:51 AM,Casa,Pali,HUEVOS,860
08/01/26 10:51 AM,Casa,Pali,JAMON PAVO,"2,290"
08/01/26 10:51 AM,Casa,Pali,LECHE CONDENSADA,910
08/01/26 10:51 AM,Casa,Pali,LECHE CONDENSADA,"1,060"
08/01/26 10:51 AM,Casa,Pali,MANTEQUILLA,"5,220"
08/01/26 10:51 AM,Casa,Pali,MARGARINA,820
08/01/26 10:51 AM,Casa,Pali,MARGARINA,"1,230"
08/01/26 10:51 AM,Casa,Pali,MASA,"1,720"
08/01/26 10:51 AM,Casa,Pali,NATILLA DELACTOMY,"1,690"
08/01/26 10:51 AM,Casa,Pali,NATILLA DELACTOMY,"3,140"
08/01/26 10:51 AM,Casa,Pali,PAPAS CONGELADAS,"2,780"
08/01/26 10:51 AM,Casa,Pali,QUESO PROCESADO,"1,100"
08/01/26 10:51 AM,Casa,Pali,QUESO PROCESADO,"3,300"
08/01/26 10:51 AM,Casa,Pali,RES CHORIZO,"2,320"
08/01/26 10:51 AM,Casa,Pali,RES TROCITOS,"2,858"
08/01/26 10:51 AM,Casa,Pali,SALSA BBQ,"2,200"
08/01/26 10:51 AM,Casa,Pali,SALSA TOMATE,"4,000"
08/01/26 10:51 AM,Casa,Pali,SARDINAS,"1,470"
08/01/26 10:51 AM,Casa,Pali,TROPICAL,860
08/01/26 10:51 AM,Casa,Pali,VAINILLA,"2,320"
08/03/26 09:33 AM,Casa,Pali,CULANTRO,190
08/03/26 09:33 AM,Casa,Pali,GINGERALE,"2,150"
08/03/26 09:33 AM,Casa,Pali,JUGO NARANJA,"1,750"
08/03/26 09:33 AM,Casa,Pali,LECHUGA,240
08/03/26 09:33 AM,Casa,Pali,POLLO FAIJTAS,"4,950"
08/04/26 09:34 AM,Casa,Pali,NATILLA DELACTOMY,"1,500"
08/04/26 09:34 AM,Casa,Pali,PAN INTEGRAL,"1,960"
08/05/26 09:26 AM,Casa,Pali,CEREAL TRIJUELAS,"2,500"
08/05/26 09:26 AM,Casa,Pali,CEREAL ZUCARITAS,"1,800"
08/05/26 09:26 AM,Casa,Pali,PAPEL HIGIENICO,"5,000"
08/05/26 09:26 AM,Casa,Pali,SERVILLETAS,490
08/10/26 09:44 AM,Casa,Pali,BAYGON,"2,500"
08/10/26 09:44 AM,Casa,Pali,DESINFECTANTE,620
08/10/26 09:44 AM,Casa,Pali,GALLETAS YEMMA,"1,350"
08/10/26 09:44 AM,Casa,Pali,GALLETAS YIPPY,"1,500"
08/10/26 09:44 AM,Casa,Pali,HELADOS,900
08/10/26 09:44 AM,Casa,Pali,HUEVOS,"1,070"
08/10/26 09:44 AM,Casa,Pali,HUEVOS,"1,081"
08/10/26 09:44 AM,Casa,Pali,LECHUGA,200
08/10/26 09:44 AM,Casa,Pali,SALSA MAYONESA,"2,000"
08/10/26 09:44 AM,Casa,Pali,SALSA TOMATE,"1,650"
08/10/26 09:44 AM,Casa,Pali,TOMATE,"1,317"
08/10/26 09:44 AM,Casa,Pali,VINAGRE,700
08/12/26 01:24 PM,Casa,Pali,HELADOS,"3,000"
08/12/26 01:24 PM,Casa,Pali,PASTA DIENTES,"1,000"
08/19/26 09:29 AM,Casa,Pali,ATUNES,"4,080"
08/19/26 09:29 AM,Casa,Pali,ATUNES,"4,600"
08/19/26 09:29 AM,Casa,Pali,ATUNES,"4,620"
08/19/26 09:29 AM,Casa,Pali,CAFE VOLIO,"8,000"
08/19/26 09:29 AM,Casa,Pali,CLORO,650
08/19/26 09:29 AM,Casa,Pali,GALLETAS MANTEQUILLA,"1,500"
08/19/26 09:29 AM,Casa,Pali,JABON LAVAPLATOS,"1,180"
08/19/26 09:29 AM,Casa,Pali,LIMONES,740
08/19/26 09:29 AM,Casa,Pali,NATILLA DELACTOMY,"1,090"
08/19/26 09:29 AM,Casa,Pali,QUESO FRESCO,"1,690"
08/19/26 09:29 AM,Casa,Pali,SALCHICHON,"2,000"
08/19/26 09:29 AM,Casa,Pali,TOMATE,"1,090"
08/19/26 09:29 AM,Casa,Pali,TORTILLAS MAIZ,"1,600"
08/19/26 09:29 AM,Casa,Pali,TORTILLAS TRIGO,790
08/19/26 09:29 AM,Casa,Pali,TROPICAL,"1,600"
08/20/26 04:44 PM,Casa,Pali,CREMA CAFE,"1,900"
08/20/26 04:44 PM,Casa,Pali,CREMA CAFE,"1,900"
08/20/26 04:44 PM,Casa,Pali,FRIJOLES ROJOS,"1,270"
08/20/26 04:44 PM,Casa,Pali,FRIJOLES ROJOS,"1,270"
08/20/26 04:44 PM,Casa,Pali,GALLETAS,"1,500"
08/20/26 04:44 PM,Casa,Pali,GALLETAS,"1,070"
08/20/26 04:44 PM,Casa,Pali,GALLETAS,"1,790"
08/20/26 04:44 PM,Casa,Pali,GALLETAS SODAS,"1,070"
08/20/26 04:44 PM,Casa,Pali,HUEVOS,"1,163"
08/20/26 04:44 PM,Casa,Pali,HUEVOS,"1,131"
08/20/26 04:44 PM,Casa,Pali,HUEVOS,"1,125"
08/20/26 04:44 PM,Casa,Pali,HUEVOS,"1,163"
08/20/26 04:44 PM,Casa,Pali,HUEVOS,"1,131"
08/20/26 04:44 PM,Casa,Pali,HUEVOS,"1,125"
08/20/26 04:44 PM,Casa,Pali,NATILLA DELACTOMY,"1,490"
08/20/26 04:44 PM,Casa,Pali,NATILLA DELACTOMY,"1,490"
08/20/26 04:44 PM,Casa,Pali,PAPEL HIGIENICO,"5,000"
08/20/26 04:44 PM,Casa,Pali,PAPEL HIGIENICO,"5,000"
08/20/26 04:44 PM,Casa,Pali,QUESO PROCESADO,"1,530"
08/20/26 04:44 PM,Casa,Pali,QUESO PROCESADO,"1,530"
08/20/26 04:44 PM,Casa,Pali,TOALLA COCINA,870
08/20/26 04:44 PM,Casa,Pali,TOALLA COCINA,870
08/22/26 07:45 PM,Casa,Pali,CEREAL TRIJUELAS,"2,500"
08/22/26 07:45 PM,Casa,Pali,LECHE DELACTOMY,"2,540"
08/23/26 12:41 PM,Casa,Pali,AJOS,600
08/23/26 12:41 PM,Casa,Pali,CARNE MOLIDA,"3,600"
08/23/26 12:41 PM,Casa,Pali,CEBOLLA,290
08/23/26 12:41 PM,Casa,Pali,CULANTRO,210
08/23/26 12:41 PM,Casa,Pali,DETERGENTE,"2,710"
08/23/26 12:41 PM,Casa,Pali,GALLETAS MANTEQUILLA,"1,500"
08/23/26 12:41 PM,Casa,Pali,GALLETAS SODAS,"1,900"
08/23/26 12:41 PM,Casa,Pali,GALLETAS SODAS,"1,600"
08/23/26 12:41 PM,Casa,Pali,JABON RINSO,"3,950"
08/23/26 12:51 PM,Casa,Pali,HARINA,"1,900"
08/23/26 12:51 PM,Casa,Pali,PAPA,"2,167"
08/23/26 12:51 PM,Casa,Pali,PAPAS CONGELADAS,"2,780"
08/23/26 12:51 PM,Casa,Pali,TOMATE,"1,140"
08/24/26 12:04 PM,Casa,Pali,CAMOTE,"1,901"
08/24/26 12:04 PM,Casa,Pali,GALLETAS SODAS,"2,000"
08/24/26 12:04 PM,Casa,Pali,GINGERALE,"1,910"
08/24/26 12:04 PM,Casa,Pali,RES COSTILLA,"8,853"
08/26/26 10:26 AM,Casa,Pali,DETERGENTE,"2,710"
08/26/26 10:26 AM,Casa,Pali,MANGA,989
08/26/26 10:26 AM,Casa,Pali,PAPAYA,393
08/26/26 10:26 AM,Casa,Pali,PASTA DIENTES,"1,710"
08/26/26 10:26 AM,Casa,Pali,REMOLACHA,190
08/26/26 10:26 AM,Casa,Pali,SANDIA,699
08/26/26 10:26 AM,Casa,Pali,ZANAHORIA,323
08/29/26 11:07 AM,Casa,Pali,MANTEQUILLA,"2,640"
08/29/26 11:07 AM,Casa,Pali,POLLO FAIJTAS,"7,360"
08/29/26 11:07 AM,Casa,Pali,TOMATE,"1,054"
08/29/26 11:07 AM,Casa,Pali,TROPICAL,850
08/29/26 12:44 PM,Casa,Pali,AZUCAR MORENA,"1,860"
08/29/26 12:44 PM,Casa,Pali,HELADOS,"1,400"
08/29/26 12:44 PM,Casa,Pali,PAN INTEGRAL,"1,960"
09/01/26 11:36 AM,Mari,Pali,ACONDICIONADOR,"2,000"
09/01/26 11:36 AM,Casa,Pali,ALCOHOL,"2,840"
09/01/26 11:36 AM,Casa,Pali,ARROZ,"2,040"
09/01/26 11:36 AM,Casa,Pali,BOLSAS,"1,000"
09/01/26 11:36 AM,Casa,Pali,BOLSAS,"1,890"
09/01/26 11:36 AM,Casa,Pali,CAFE LEYENDA,"1,640"
09/01/26 11:36 AM,Casa,Pali,CARACOLITOS,840
09/01/26 11:36 AM,Casa,Pali,DESENGRASANTE,"2,120"
09/01/26 11:36 AM,Mari,Pali,DESODORANTE,"8,660"
09/01/26 11:36 AM,Casa,Pali,ESPONJA,"2,000"
09/01/26 11:36 AM,Casa,Pali,FRIJOLES ROJOS,"3,990"
09/01/26 11:36 AM,Casa,Pali,GUISANTES,"1,080"
09/01/26 11:36 AM,Casa,Pali,HONGOS,"1,000"
09/01/26 11:36 AM,Casa,Pali,HONGOS,"1,190"
09/01/26 11:36 AM,Casa,Pali,JABON AZUL,"2,900"
09/01/26 11:36 AM,Casa,Pali,JABONZOTE,970
09/01/26 11:36 AM,Mari,Pali,KOTEX,"1,230"
09/01/26 11:36 AM,Casa,Pali,MAIZ,"1,520"
09/01/26 11:36 AM,Casa,Pali,MANZANAS,"3,720"
09/01/26 11:36 AM,Casa,Pali,NATILLA DELACTOMY,"1,760"
09/01/26 11:36 AM,Casa,Pali,PAPA,"2,160"
09/01/26 11:36 AM,Casa,Pali,PAPA,"1,861"
09/01/26 11:36 AM,Mari,Pali,PASTA DIENTES,"3,440"
09/01/26 11:36 AM,Casa,Pali,PASTA TOMATE,290
09/01/26 11:36 AM,Casa,Pali,PETIPOAS,420
09/01/26 11:36 AM,Casa,Pali,POLLO MUSLITOS,"1,200"
09/01/26 11:36 AM,Andres,Pali,PRESTOBARBA,"1,380"
09/01/26 11:36 AM,Casa,Pali,QUESO FRESCO,"4,400"
09/01/26 11:36 AM,Casa,Pali,QUESO PROCESADO,"1,200"
09/01/26 11:36 AM,Casa,Pali,RES CHORIZO,"1,290"
09/01/26 11:36 AM,Casa,Pali,SALCHICHAS,"2,900"
09/01/26 11:36 AM,Casa,Pali,SALSA LIZANO,950
09/01/26 11:36 AM,Casa,Pali,SALSA MAYONESA,"3,200"
09/01/26 11:36 AM,Casa,Pali,SALSA RANCH,950
09/01/26 11:36 AM,Casa,Pali,SALSA ROSADA,"2,300"
09/01/26 11:36 AM,Casa,Pali,SALSA TOMATE,"1,160"
09/01/26 11:36 AM,Casa,Pali,SALSA TOMATE,"3,000"
09/01/26 11:36 AM,Casa,Pali,SOPA,"1,560"
09/01/26 11:36 AM,Casa,Pali,SOPA,610
09/01/26 11:36 AM,Casa,Pali,SOPA,600
09/01/26 11:36 AM,Casa,Pali,SPAGUETTI,"3,000"
09/01/26 11:36 AM,Casa,Pali,SPAGUETTI,"1,100"
09/01/26 11:36 AM,Casa,Pali,SUAVIZANTE,"1,440"
09/01/26 11:36 AM,Casa,Pali,TALLARINES,"2,000"
09/01/26 11:36 AM,Casa,Pali,TOCINETA,"1,180"
09/01/26 11:36 AM,Casa,Pali,VANISH LIQUIDO,"2,460"
09/01/26 11:36 AM,Casa,Pali,YOGURT,"2,600"
09/01/26 01:53 PM,Casa,Pali,ACEITE GIRASOL,740
09/01/26 01:53 PM,Casa,Pali,LAVAPLATOS,"1,180"
09/04/26 08:48 AM,Casa,Pali,QUESO SINPE,"16,050"
09/04/26 08:56 AM,Casa,Pali,HARINA,"3,600"
09/04/26 08:56 AM,Casa,Pali,TORTILLAS MAIZ,"1,710"
09/04/26 08:56 AM,Casa,Pali,TROPICAL,850
09/06/26 04:00 PM,Casa,Pali,GINGERALE,"1,910"
09/06/26 04:00 PM,Casa,Pali,HUEVOS,"1,302"
09/06/26 04:00 PM,Casa,Pali,LECHE DELACTOMY,"1,500"
09/06/26 04:00 PM,Casa,Pali,POLLO MUSLITOS,"1,500"
09/06/26 04:00 PM,Casa,Pali,QUESO MOZARELLA,"1,800"
09/06/26 04:00 PM,Casa,Pali,VAINILLA,"1,530"
09/14/26 11:47 AM,Casa,Pali,AZUCAR MORENA,720
09/14/26 11:47 AM,Casa,Pali,CONSOME KNORR,"1,680"
09/14/26 11:47 AM,Casa,Pali,CREMA CAFE,"1,800"
09/14/26 11:47 AM,Casa,Pali,CULANTRO,200
09/14/26 11:47 AM,Casa,Pali,GALLETAS AVENA,"1,900"
09/14/26 11:47 AM,Casa,Pali,GALLETAS CREMITAS,"1,500"
09/14/26 11:47 AM,Casa,Pali,GALLETAS SORBETOS,"1,500"
09/14/26 11:47 AM,Casa,Pali,HARINA,"1,240"
09/14/26 11:47 AM,Casa,Pali,JABON LAVAPLATOS,"1,320"
09/14/26 11:47 AM,Casa,Pali,LECHE CONDENSADA,"1,680"
09/14/26 11:47 AM,Casa,Pali,LECHE DELACTOMY,"3,000"
09/14/26 11:47 AM,Casa,Pali,LECHE DELACTOMY,"2,610"
09/14/26 11:47 AM,Casa,Pali,MANTEQUILLA,"4,510"
09/14/26 11:47 AM,Casa,Pali,MASTE,810
09/14/26 11:47 AM,Casa,Pali,PAN HOTDOG,"1,360"
09/14/26 11:47 AM,Casa,Pali,REPOLLO,688
09/14/26 11:47 AM,Casa,Pali,ROMPOPE,"2,920"
09/14/26 11:47 AM,Casa,Pali,TOMATE,"1,573"
09/15/26 08:50 AM,Casa,Pali,MASA,"1,720"